{
  "dga_score": -12.042856842694217,
  "perplexity": 1.2440874108632427,
  "entropy": 2.8073549220576037,
  "securerank2": -0.004467847816217263,
  "pagerank": 3.4081004,
  "asn_score": -0.2775721797143413,
  "prefix_score": -1.0888815824326536,
  "rip_score": -1.6717648115491643,
  "popularity": 0.0,
  "fastflux": false,
  "geodiversity": [
    [
      "US",
      0.4844
    ],
    [
      "BR",
      0.0938
    ],
    [
      "NL",
      0.0938
    ],
    [
      "IN",
      0.0625
    ],
    [
      "CA",
      0.0469
    ],
    [
      "UA",
      0.0313
    ],
    [
      "AU",
      0.0313
    ],
    [
      "SG",
      0.0313
    ],
    [
      "MX",
      0.0313
    ],
    [
      "IL",
      0.0313
    ],
    [
      "DE",
      0.0156
    ],
    [
      "UZ",
      0.0156
    ],
    [
      "PL",
      0.0156
    ],
    [
      "ZA",
      0.0156
    ]
  ],
  "geodiversity_normalized": [
    [
      "UZ",
      0.5817709165098873
    ],
    [
      "IL",
      0.1414669907659444
    ],
    [
      "SG",
      0.07539615425911253
    ],
    [
      "ZA",
      0.06872812366905458
    ],
    [
      "NL",
      0.045455028304598105
    ],
    [
      "AU",
      0.025748714723457657
    ],
    [
      "MX",
      0.011731905679501014
    ],
    [
      "UA",
      0.010945054154279585
    ],
    [
      "IN",
      0.009356081232566593
    ],
    [
      "BR",
      0.007292382428636075
    ],
    [
      "DE",
      0.006013376948683211
    ],
    [
      "US",
      0.005951746816155658
    ],
    [
      "PL",
      0.00570137930175902
    ],
    [
      "CA",
      0.004442145206364237
    ]
  ],
  "tld_geodiversity": [],
  "geoscore": 0.0,
  "ks_test": 0.0,
  "attack": "",
  "threat_type": "",
  "found": true
}