{
  "dga_score": 0.0,
  "perplexity": 0.34326217505182377,
  "entropy": 3.506890595608519,
  "securerank2": 0.0,
  "pagerank": 0.0,
  "asn_score": -0.009028061035434163,
  "prefix_score": -3.760552663649605,
  "rip_score": -12.52923236000373,
  "popularity": 61.75464078651439,
  "fastflux": false,
  "geodiversity": [
    [
      "US",
      0.8265
    ],
    [
      "CA",
      0.0588
    ],
    [
      "AU",
      0.0254
    ],
    [
      "GB",
      0.0078
    ],
    [
      "BR",
      0.006
    ],
    [
      "IN",
      0.006
    ],
    [
      "IT",
      0.0047
    ],
    [
      "DE",
      0.0041
    ],
    [
      "NL",
      0.0039
    ],
    [
      "PH",
      0.0034
    ],
    [
      "FR",
      0.0031
    ],
    [
      "CH",
      0.0026
    ],
    [
      "NZ",
      0.0023
    ],
    [
      "DZ",
      0.0021
    ],
    [
      "ES",
      0.0021
    ],
    [
      "EG",
      0.0021
    ],
    [
      "PT",
      0.0021
    ],
    [
      "MY",
      0.0018
    ],
    [
      "MX",
      0.0016
    ],
    [
      "AF",
      0.0013
    ],
    [
      "SG",
      0.0013
    ],
    [
      "IE",
      0.0013
    ],
    [
      "JP",
      0.0013
    ],
    [
      "BD",
      0.001
    ],
    [
      "RU",
      0.001
    ],
    [
      "CL",
      0.001
    ],
    [
      "MA",
      0.001
    ],
    [
      "PF",
      0.001
    ],
    [
      "IL",
      0.001
    ],
    [
      "YE",
      0.001
    ],
    [
      "LK",
      0.001
    ],
    [
      "AR",
      0.0008
    ],
    [
      "AE",
      0.0008
    ],
    [
      "SE",
      0.0008
    ],
    [
      "CO",
      0.0008
    ],
    [
      "NG",
      0.0008
    ],
    [
      "PL",
      0.0008
    ],
    [
      "PE",
      0.0008
    ],
    [
      "ZA",
      0.0008
    ],
    [
      "ID",
      0.0008
    ],
    [
      "IR",
      0.0008
    ],
    [
      "DK",
      0.0005
    ],
    [
      "TT",
      0.0005
    ],
    [
      "RO",
      0.0005
    ],
    [
      "PR",
      0.0005
    ],
    [
      "AL",
      0.0005
    ],
    [
      "TH",
      0.0005
    ],
    [
      "TR",
      0.0005
    ],
    [
      "MR",
      0.0005
    ],
    [
      "NO",
      0.0005
    ],
    [
      "PG",
      0.0005
    ],
    [
      "HK",
      0.0005
    ],
    [
      "KW",
      0.0005
    ],
    [
      "??",
      0.0003
    ],
    [
      "VN",
      0.0003
    ],
    [
      "VE",
      0.0003
    ],
    [
      "DO",
      0.0003
    ],
    [
      "UZ",
      0.0003
    ],
    [
      "UY",
      0.0003
    ],
    [
      "ET",
      0.0003
    ],
    [
      "GH",
      0.0003
    ],
    [
      "AT",
      0.0003
    ],
    [
      "QA",
      0.0003
    ],
    [
      "BA",
      0.0003
    ],
    [
      "AO",
      0.0003
    ],
    [
      "PY",
      0.0003
    ],
    [
      "TN",
      0.0003
    ],
    [
      "SV",
      0.0003
    ],
    [
      "BG",
      0.0003
    ],
    [
      "BH",
      0.0003
    ],
    [
      "BE",
      0.0003
    ],
    [
      "CN",
      0.0003
    ],
    [
      "SA",
      0.0003
    ],
    [
      "MT",
      0.0003
    ],
    [
      "NA",
      0.0003
    ],
    [
      "PK",
      0.0003
    ],
    [
      "HU",
      0.0003
    ],
    [
      "ZW",
      0.0003
    ]
  ],
  "geodiversity_normalized": [
    [
      "PF",
      0.2075333164654603
    ],
    [
      "MR",
      0.14918954713819996
    ],
    [
      "PG",
      0.11577337500908437
    ],
    [
      "YE",
      0.08028282819855204
    ],
    [
      "ZW",
      0.06330787948328308
    ],
    [
      "NA",
      0.04345039190534106
    ],
    [
      "AU",
      0.0277124725508649
    ],
    [
      "ET",
      0.019815627829609165
    ],
    [
      "KW",
      0.018754717642798367
    ],
    [
      "NZ",
      0.017815306317998224
    ],
    [
      "BH",
      0.016963687382033955
    ],
    [
      "MT",
      0.01530302895692102
    ],
    [
      "UZ",
      0.014838124274812669
    ],
    [
      "US",
      0.013468322684434982
    ],
    [
      "LK",
      0.01179493369142261
    ],
    [
      "PY",
      0.00946801393634202
    ],
    [
      "UY",
      0.009376641045141352
    ],
    [
      "QA",
      0.00929482329506532
    ],
    [
      "BD",
      0.008949958793131632
    ],
    [
      "TT",
      0.00806320236887819
    ],
    [
      "GH",
      0.007949641117951526
    ],
    [
      "AO",
      0.007495559962635134
    ],
    [
      "CA",
      0.007386310758647304
    ],
    [
      "SV",
      0.0073241134872839165
    ],
    [
      "JP",
      0.007147583921005984
    ],
    [
      "CH",
      0.006987058408045812
    ],
    [
      "IL",
      0.005994336502880639
    ],
    [
      "MA",
      0.005925790637642109
    ],
    [
      "AF",
      0.0057847133908707155
    ],
    [
      "AL",
      0.005362941597366705
    ],
    [
      "ZA",
      0.004674446756667294
    ],
    [
      "PT",
      0.004513236768162307
    ],
    [
      "PH",
      0.004413714968192037
    ],
    [
      "SG",
      0.004153158926805429
    ],
    [
      "AE",
      0.004006370936513354
    ],
    [
      "TN",
      0.0030149416682058814
    ],
    [
      "NG",
      0.00289807494609863
    ],
    [
      "NL",
      0.0025065365536230495
    ],
    [
      "CL",
      0.0023154728231077172
    ],
    [
      "IE",
      0.002266982274800686
    ],
    [
      "PE",
      0.0022292588160989636
    ],
    [
      "DE",
      0.0020960808396637987
    ],
    [
      "IR",
      0.0018288387374959193
    ],
    [
      "HK",
      0.0016784509803114743
    ],
    [
      "ES",
      0.0016652583855497531
    ],
    [
      "PR",
      0.0016491465719811805
    ],
    [
      "AT",
      0.0015970091738432641
    ],
    [
      "HU",
      0.0015868889050115458
    ],
    [
      "DO",
      0.001564950714833934
    ],
    [
      "RO",
      0.0014643650611913972
    ],
    [
      "CO",
      0.0014487856227021333
    ],
    [
      "SA",
      0.0013555607954784965
    ],
    [
      "FR",
      0.001280919200226807
    ],
    [
      "BA",
      0.001278659321984809
    ],
    [
      "IN",
      0.0011912298243773028
    ],
    [
      "MY",
      0.0011166788088599541
    ],
    [
      "SE",
      0.001067073395510586
    ],
    [
      "NO",
      0.0010306108618118204
    ],
    [
      "GB",
      0.000954855632872478
    ],
    [
      "IT",
      0.0007957288758125564
    ],
    [
      "MX",
      0.000795379785288146
    ],
    [
      "EG",
      0.0007898194117331827
    ],
    [
      "BG",
      0.000659972717644884
    ],
    [
      "VE",
      0.0006480487712320504
    ],
    [
      "BR",
      0.0006186545184459988
    ],
    [
      "BE",
      0.0005541024580979031
    ],
    [
      "TH",
      0.0005457463448589747
    ],
    [
      "??",
      0.0005456199452644694
    ],
    [
      "DZ",
      0.000523212733698167
    ],
    [
      "AR",
      0.00048694945221334324
    ],
    [
      "PL",
      0.00038777130180315465
    ],
    [
      "PK",
      0.00035904180834022716
    ],
    [
      "DK",
      0.00030263911259379356
    ],
    [
      "ID",
      0.00025210962219138813
    ],
    [
      "RU",
      0.00022165881361569303
    ],
    [
      "CN",
      8.451120252052825e-05
    ],
    [
      "VN",
      3.848482398834799e-05
    ],
    [
      "TR",
      2.8741274970059178e-05
    ]
  ],
  "tld_geodiversity": [],
  "geoscore": 0.0,
  "ks_test": 0.0,
  "attack": "",
  "threat_type": "",
  "found": true
}